<?xml version="1.0"?>
<?xml-stylesheet type="text/xsl" href="configuration.xsl"?>

<!-- Licensed to the Apache Software Foundation (ASF) under one or more       -->
<!-- contributor license agreements.  See the NOTICE file distributed with    -->
<!-- this work for additional information regarding copyright ownership.      -->
<!-- The ASF licenses this file to You under the Apache License, Version 2.0  -->
<!-- (the "License"); you may not use this file except in compliance with     -->
<!-- the License.  You may obtain a copy of the License at                    -->
<!--                                                                          -->
<!--     http://www.apache.org/licenses/LICENSE-2.0                           -->
<!--                                                                          -->
<!-- Unless required by applicable law or agreed to in writing, software      -->
<!-- distributed under the License is distributed on an "AS IS" BASIS,        -->
<!-- WITHOUT WARRANTIES OR CONDITIONS OF ANY KIND, either express or implied. -->
<!-- See the License for the specific language governing permissions and      -->
<!-- limitations under the License.                                           -->

<configuration>




  <property>
    <name>mapreduce.jobhistory.address</name>
    <value>ip-172-31-25-52.ec2.internal:10020</value>
  </property>
  <property>
    <name>mapreduce.jobhistory.webapp.address</name>
    <value>ip-172-31-25-52.ec2.internal:19888</value>
  </property>


  <property>
    <name>mapreduce.framework.name</name>
    <value>yarn</value>
  </property>

  <property>
    <name>mapreduce.cluster.local.dir</name>
    <value>/mnt/mapred,/mnt1/mapred</value>
  </property>


<!-- Memory settings -->


  <property>
    <name>mapreduce.map.java.opts</name>
    <value>-Xmx2458m</value>
  </property>

  <property>
    <name>mapreduce.reduce.java.opts</name>
    <value>-Xmx4916m</value>
  </property>

  <property>
    <name>mapreduce.admin.user.env</name>
    <value>LD_LIBRARY_PATH=$HADOOP_COMMON_HOME/lib/native:/usr/lib/hadoop-lzo/lib/native</value>
  </property>

  <property>
    <name>mapreduce.task.io.sort.mb</name>
    <value>200</value>
  </property>

  <property>
    <name>mapreduce.task.io.sort.factor</name>
    <value>48</value>
  </property>

  <property>
    <name>mapreduce.tasktracker.map.tasks.maximum</name>
    <!-- see other kb entry about this one. -->
    <value>1</value>
  </property>

  <property>
    <name>mapreduce.tasktracker.reduce.tasks.maximum</name>
    <!-- see other kb entry about this one. -->
    <value>1</value>
  </property>

  <property>
    <name>mapreduce.tasktracker.http.threads</name>
    <value>60</value>
  </property>

  <property>
    <name>mapreduce.output.fileoutputformat.compress.type</name>
    <value>BLOCK</value>
    <description>If the job outputs are to compressed as
    SequenceFiles, how should they be compressed? Should be one of
    NONE, RECORD or BLOCK.</description>
  </property>

  <property>
    <name>yarn.app.mapreduce.am.jhs.backup.enabled</name>
    <value>true</value>
  </property>

  <property>
    <name>yarn.app.mapreduce.am.jhs.backup-dir</name>
    <value>file:///var/log/hadoop-mapreduce/history</value>
  </property>

<property>
  <name>mapreduce.application.classpath</name>
  <value>
    $HADOOP_MAPRED_HOME/share/hadoop/mapreduce/*,
    $HADOOP_MAPRED_HOME/share/hadoop/mapreduce/lib/*,
    /usr/lib/hadoop-lzo/lib/*,
    /usr/share/aws/emr/emrfs/conf,
    /usr/share/aws/emr/emrfs/lib/*,
    /usr/share/aws/emr/emrfs/auxlib/*,
    /usr/share/aws/emr/lib/*,
    /usr/share/aws/emr/ddb/lib/emr-ddb-hadoop.jar,
    /usr/share/aws/emr/goodies/lib/emr-hadoop-goodies.jar,
    /usr/share/aws/emr/kinesis/lib/emr-kinesis-hadoop.jar,
    /usr/share/aws/emr/cloudwatch-sink/lib/*,
    /usr/share/aws/aws-java-sdk/*
  </value>
</property>

  <property>
    <name>mapreduce.map.output.compress.codec</name>
    <value>org.apache.hadoop.io.compress.SnappyCodec</value>
  </property>

  <property>
    <name>mapred.output.direct.EmrFileSystem</name>
    <value>true</value>
  </property>

  <property>
    <name>mapred.output.direct.NativeS3FileSystem</name>
    <value>true</value>
  </property>

  <property>
    <name>mapreduce.reduce.shuffle.parallelcopies</name>
    <value>20</value>
  </property>

  <property>
    <name>mapreduce.job.maps</name>
    <value>16</value>
  </property>

  <property>
    <name>hadoop.job.history.user.location</name>
    <value>none</value>
  </property>

  <property>
    <name>mapreduce.job.jvm.numtasks</name>
    <value>20</value>
  </property>

  <property>
    <name>mapreduce.map.output.compress</name>
    <value>true</value>
  </property>

  <property>
    <name>mapreduce.job.userlog.retain.hours</name>
    <value>48</value>
  </property>

  <property>
    <name>mapreduce.map.memory.mb</name>
    <value>3072</value>
  </property>

  <property>
    <name>mapred.output.committer.class</name>
    <value>org.apache.hadoop.mapred.DirectFileOutputCommitter</value>
  </property>

  <property>
    <name>mapreduce.job.reduces</name>
    <value>7</value>
  </property>

  <property>
    <name>yarn.app.mapreduce.am.command-opts</name>
    <value>-Xmx4915m</value>
  </property>

  <property>
    <name>mapreduce.reduce.memory.mb</name>
    <value>6144</value>
  </property>

  <property>
    <name>yarn.app.mapreduce.am.job.task.listener.thread-count</name>
    <value>60</value>
  </property>

  <property>
    <name>yarn.app.mapreduce.am.resource.mb</name>
    <value>6144</value>
  </property>

  <property>
    <name>mapred.local.dir</name>
    <value>/mnt/mapred,/mnt1/mapred</value>
  </property>

</configuration>
